ID,Name,Category,Quantity,Price,Max_Quantity
1,Granola,Food,107,55.79,107
2,Magnesium,Health,50,76.15,50
3,Granola,Food,48,62.64,48
4,Nut Butter,Food,199,27.3,199
5,Protein Shake,Drinks,123,90.7,123
6,Vitamin D3,Health,103,51.54,103
7,Glutamine,Supplements,167,35.73,167
8,Resistance Bands,Fitness Gear,160,32.67,160
9,Whey Protein,Supplements,127,47.97,127
10,Nut Butter,Food,149,45.63,149
11,Energy Drink,Drinks,95,14.76,95
12,Kettlebell,Fitness Gear,125,71.89,125
13,Herbal Tea,Drinks,107,21.78,107
14,Electrolyte Mix,Drinks,195,33.88,195
15,Granola,Food,167,53.8,167
16,BCAA,Supplements,200,72.99,200
17,Granola,Food,25,35.17,25
18,Electrolyte Mix,Drinks,39,46.17,39
19,Protein Shake,Drinks,124,89.96,124
20,Magnesium,Health,92,79.0,92
21,Glutamine,Supplements,24,97.11,24
22,Zinc,Health,58,68.97,58
23,Compression Tights,Clothing,180,15.03,180
24,Nut Butter,Food,153,68.17,153
25,Compression Tights,Clothing,159,87.39,159
26,Protein Bar,Food,168,34.29,168
27,Vitamin D3,Health,12,33.53,12
28,Foam Roller,Fitness Gear,61,58.36,61
29,Foam Roller,Fitness Gear,189,37.56,189
30,Oatmeal,Food,30,76.77,30
31,Energy Gel,Food,76,89.47,76
32,Granola,Food,16,34.67,16
33,Kettlebell,Fitness Gear,125,99.49,125
34,Multivitamin,Health,87,50.92,87
35,Compression Tights,Clothing,45,23.14,45
36,Weightlifting Gloves,Fitness Gear,119,16.09,119
37,Resistance Bands,Fitness Gear,154,59.98,154
38,Sports Bra,Clothing,86,83.72,86
39,Omega 3,Supplements,94,26.26,94
40,Pre-Workout Drink,Drinks,119,75.69,119
41,Sports Bra,Clothing,59,95.45,59
42,Energy Gel,Food,23,68.79,23
43,Electrolyte Mix,Drinks,183,76.36,183
44,Gym T-shirt,Clothing,84,91.67,84
45,Protein Shake,Drinks,12,12.11,12
46,Resistance Bands,Fitness Gear,71,44.13,71
47,Energy Drink,Drinks,178,54.09,178
48,Weightlifting Gloves,Fitness Gear,181,41.22,181
49,Protein Shake,Drinks,42,75.62,42
50,Joggers,Clothing,161,53.19,161
51,Running Shoes,Clothing,198,10.12,198
52,Energy Gel,Food,182,60.42,182
53,Kettlebell,Fitness Gear,180,71.8,180
54,Glutamine,Supplements,80,29.95,80
55,Nut Butter,Food,107,79.7,107
56,Oatmeal,Food,38,81.13,38
57,Casein,Supplements,187,74.6,187
58,Nut Butter,Food,51,73.14,51
59,Sports Bra,Clothing,52,19.79,52
60,Gym T-shirt,Clothing,64,40.68,64
61,Running Shoes,Clothing,123,11.22,123
62,Energy Gel,Food,139,97.12,139
63,Running Shoes,Clothing,98,88.22,98
64,Nut Butter,Food,133,81.25,133
65,Sports Bra,Clothing,79,42.11,79
66,Joggers,Clothing,71,73.57,71
67,Foam Roller,Fitness Gear,186,49.63,186
68,Weightlifting Gloves,Fitness Gear,97,61.02,97
69,Protein Shake,Drinks,62,40.76,62
70,Energy Drink,Drinks,55,57.82,55
71,Energy Drink,Drinks,46,46.01,46
72,Sports Bra,Clothing,74,30.6,74
73,Joggers,Clothing,12,19.25,12
74,Fish Oil,Health,76,48.85,76
75,Foam Roller,Fitness Gear,19,75.88,19
76,Casein,Supplements,121,30.68,121
77,Energy Gel,Food,146,65.62,146
78,Energy Drink,Drinks,87,39.58,87
79,Fish Oil,Health,184,43.21,184
80,Nut Butter,Food,75,82.2,75
81,Kettlebell,Fitness Gear,22,79.56,22
82,Electrolyte Mix,Drinks,192,52.54,192
83,Casein,Supplements,141,19.73,141
84,Foam Roller,Fitness Gear,110,28.6,110
85,Multivitamin,Health,171,38.09,171
86,Whey Protein,Supplements,192,78.33,192
87,Fish Oil,Health,186,12.94,186
88,Protein Shake,Drinks,164,48.22,164
89,Omega 3,Supplements,171,65.15,171
90,Foam Roller,Fitness Gear,85,80.49,85
91,Magnesium,Health,135,26.86,135
92,Electrolyte Mix,Drinks,102,86.48,102
93,Energy Drink,Drinks,169,42.72,169
94,Glutamine,Supplements,63,52.6,63
95,Vitamin D3,Health,88,56.3,88
96,Zinc,Health,114,51.45,114
97,Protein Bar,Food,46,55.61,46
98,Kettlebell,Fitness Gear,101,19.16,101
99,Sports Bra,Clothing,70,61.78,70
100,Compression Tights,Clothing,175,14.91,175
